"Reporting starts","Reporting ends","Campaign name",Age,Gender,"Campaign delivery",Results,"Result indicator","Cost per results","Ad set budget","Ad set budget type","Amount spent (VND)",Impressions,Reach,Ends,"Attribution setting","Total messaging contacts","New messaging contacts","Purchases conversion value","Purchase ROAS (return on ad spend)","Cost per new messaging contact (VND)","Messaging conversations started","Cost per messaging conversation started (VND)","Clicks (all)"
2026-03-01,2026-04-01,linh,18-24,female,active,15,actions:onsite_conversion.lead_grouped,142245,220000,Daily,2133675,22332,13774,Ongoing,"7-day click or 1-day view",29,29,,,73575,29,73575,278
2026-03-01,2026-04-01,linh,18-24,male,active,11,actions:onsite_conversion.lead_grouped,132217.27272727,220000,Daily,1454390,21506,14453,Ongoing,"7-day click or 1-day view",23,19,,,76546.842105,20,72719.5,626
2026-03-01,2026-04-01,linh,18-24,unknown,active,,,,220000,Daily,55623,681,465,Ongoing,"7-day click or 1-day view",1,1,,,55623,1,55623,22
2026-03-01,2026-04-01,linh,25-34,female,active,4,actions:onsite_conversion.lead_grouped,211976,220000,Daily,847904,6318,4303,Ongoing,"7-day click or 1-day view",9,7,,,121129.142857,8,105988,84
2026-03-01,2026-04-01,linh,25-34,male,active,9,actions:onsite_conversion.lead_grouped,98635.11111111,220000,Daily,887716,9471,6344,Ongoing,"7-day click or 1-day view",15,9,,,98635.111111,11,80701.454545,335
2026-03-01,2026-04-01,linh,25-34,unknown,active,1,actions:onsite_conversion.lead_grouped,19418,220000,Daily,19418,162,117,Ongoing,"7-day click or 1-day view",1,1,,,19418,1,19418,2
2026-03-01,2026-04-01,linh,35-44,female,active,1,actions:onsite_conversion.lead_grouped,132747,220000,Daily,132747,667,516,Ongoing,"7-day click or 1-day view",1,1,,,132747,1,132747,27
2026-03-01,2026-04-01,linh,35-44,male,active,,,,220000,Daily,162310,1203,890,Ongoing,"7-day click or 1-day view",2,2,,,81155,2,81155,49
2026-03-01,2026-04-01,linh,35-44,unknown,active,,,,220000,Daily,1906,17,13,Ongoing,"7-day click or 1-day view",,,,,,,,0
2026-03-01,2026-04-01,linh,45-54,female,active,,,,220000,Daily,46041,190,146,Ongoing,"7-day click or 1-day view",,,,,,,,12
2026-03-01,2026-04-01,linh,45-54,male,active,1,actions:onsite_conversion.lead_grouped,31858,220000,Daily,31858,271,203,Ongoing,"7-day click or 1-day view",1,1,,,31858,1,31858,9
2026-03-01,2026-04-01,linh,45-54,unknown,active,,,,220000,Daily,208,4,4,Ongoing,"7-day click or 1-day view",,,,,,,,0
2026-03-01,2026-04-01,linh,55-64,female,active,,,,220000,Daily,14326,78,52,Ongoing,"7-day click or 1-day view",,,,,,,,5
2026-03-01,2026-04-01,linh,55-64,male,active,,,,220000,Daily,7710,43,34,Ongoing,"7-day click or 1-day view",,,,,,,,3
2026-03-01,2026-04-01,linh,65+,female,active,,,,220000,Daily,4568,44,29,Ongoing,"7-day click or 1-day view",,,,,,,,1
2026-03-01,2026-04-01,linh,65+,male,active,,,,220000,Daily,10207,75,55,Ongoing,"7-day click or 1-day view",,,,,,,,4
2026-03-01,2026-04-01,linh,65+,unknown,active,,,,220000,Daily,121,1,1,Ongoing,"7-day click or 1-day view",,,,,,,,0
2026-03-01,2026-04-01,ttlinh,18-24,female,active,463,actions:post_engagement,14.65442765,50000,Daily,6785,770,676,Ongoing,"7-day click or 1-day view",,,,,,,,11
2026-03-01,2026-04-01,ttlinh,18-24,male,active,12152,actions:post_engagement,14.98510533,50000,Daily,182099,21267,15938,Ongoing,"7-day click or 1-day view",,,,,,,,1562
2026-03-01,2026-04-01,ttlinh,18-24,unknown,active,183,actions:post_engagement,15.21311475,50000,Daily,2784,326,249,Ongoing,"7-day click or 1-day view",,,,,,,,24
2026-03-01,2026-04-01,ttlinh,25-34,female,active,632,actions:post_engagement,13.83386076,50000,Daily,8743,979,864,Ongoing,"7-day click or 1-day view",,,,,,,,14
2026-03-01,2026-04-01,ttlinh,25-34,male,active,20059,actions:post_engagement,14.35654818,50000,Daily,287978,33324,27264,Ongoing,"7-day click or 1-day view",2,2,,,143989,2,143989,973
2026-03-01,2026-04-01,ttlinh,25-34,unknown,active,102,actions:post_engagement,14.06862745,50000,Daily,1435,165,140,Ongoing,"7-day click or 1-day view",,,,,,,,5
2026-03-01,2026-04-01,ttlinh,35-44,female,active,1139,actions:post_engagement,14.04741001,50000,Daily,16000,1742,1552,Ongoing,"7-day click or 1-day view",,,,,,,,23
2026-03-01,2026-04-01,ttlinh,35-44,male,active,42223,actions:post_engagement,13.77408048,50000,Daily,581583,66461,53926,Ongoing,"7-day click or 1-day view",,,,,,,,693
2026-03-01,2026-04-01,ttlinh,35-44,unknown,active,121,actions:post_engagement,14.46280992,50000,Daily,1750,202,155,Ongoing,"7-day click or 1-day view",,,,,,,,1
2026-03-01,2026-04-01,ttlinh,45-54,female,active,797,actions:post_engagement,14.10915935,50000,Daily,11245,1220,1048,Ongoing,"7-day click or 1-day view",,,,,,,,4
2026-03-01,2026-04-01,ttlinh,45-54,male,active,24418,actions:post_engagement,13.24330412,50000,Daily,323375,36413,28398,Ongoing,"7-day click or 1-day view",,,,,,,,348
2026-03-01,2026-04-01,ttlinh,45-54,unknown,active,80,actions:post_engagement,12.5625,50000,Daily,1005,109,85,Ongoing,"7-day click or 1-day view",,,,,,,,2
2026-03-01,2026-04-01,ttlinh,55-64,female,active,603,actions:post_engagement,13.75290216,50000,Daily,8293,835,706,Ongoing,"7-day click or 1-day view",,,,,,,,8
2026-03-01,2026-04-01,ttlinh,55-64,male,active,8968,actions:post_engagement,13.30842997,50000,Daily,119350,12606,9593,Ongoing,"7-day click or 1-day view",,,,,,,,110
2026-03-01,2026-04-01,ttlinh,55-64,unknown,active,25,actions:post_engagement,13.64,50000,Daily,341,38,34,Ongoing,"7-day click or 1-day view",,,,,,,,0
2026-03-01,2026-04-01,ttlinh,65+,female,active,247,actions:post_engagement,14.81781377,50000,Daily,3660,356,279,Ongoing,"7-day click or 1-day view",,,,,,,,2
2026-03-01,2026-04-01,ttlinh,65+,male,active,3700,actions:post_engagement,13.42864865,50000,Daily,49686,4979,3946,Ongoing,"7-day click or 1-day view",,,,,,,,61
2026-03-01,2026-04-01,ttlinh,65+,unknown,active,11,actions:post_engagement,12.63636364,50000,Daily,139,15,10,Ongoing,"7-day click or 1-day view",,,,,,,,0
2026-03-01,2026-04-01,ttmanh,18-24,female,active,655,actions:post_engagement,22.12519084,51000,Daily,14492,1206,921,Ongoing,"7-day click or 1-day view",,,,,,,,14
2026-03-01,2026-04-01,ttmanh,18-24,male,active,2935,actions:post_engagement,22.19897785,51000,Daily,65154,6006,4384,Ongoing,"7-day click or 1-day view",,,,,,,,57
2026-03-01,2026-04-01,ttmanh,18-24,unknown,active,39,actions:post_engagement,19.58974359,51000,Daily,764,78,60,Ongoing,"7-day click or 1-day view",,,,,,,,0
2026-03-01,2026-04-01,ttmanh,25-34,female,active,818,actions:post_engagement,21.93643032,51000,Daily,17944,1518,1225,Ongoing,"7-day click or 1-day view",,,,,,,,12
2026-03-01,2026-04-01,ttmanh,25-34,male,active,7443,actions:post_engagement,21.83702808,51000,Daily,162533,15017,11769,Ongoing,"7-day click or 1-day view",,,,,,,,121
2026-03-01,2026-04-01,ttmanh,25-34,unknown,active,61,actions:post_engagement,24.27868852,51000,Daily,1481,129,93,Ongoing,"7-day click or 1-day view",,,,,,,,0
2026-03-01,2026-04-01,ttmanh,35-44,female,active,1571,actions:post_engagement,21.60789306,51000,Daily,33946,2877,2264,Ongoing,"7-day click or 1-day view",,,,,,,,25
2026-03-01,2026-04-01,ttmanh,35-44,male,active,15919,actions:post_engagement,22.48947798,51000,Daily,358010,32714,24155,Ongoing,"7-day click or 1-day view",1,1,,,358010,1,358010,161
2026-03-01,2026-04-01,ttmanh,35-44,unknown,active,58,actions:post_engagement,22.72413793,51000,Daily,1318,118,91,Ongoing,"7-day click or 1-day view",,,,,,,,0
2026-03-01,2026-04-01,ttmanh,45-54,female,active,2651,actions:post_engagement,21.65333836,51000,Daily,57403,4450,3347,Ongoing,"7-day click or 1-day view",,,,,,,,42
2026-03-01,2026-04-01,ttmanh,45-54,male,active,19746,actions:post_engagement,21.45193963,51000,Daily,423590,35873,23352,Ongoing,"7-day click or 1-day view",3,3,,,141196.666667,3,141196.666667,193
2026-03-01,2026-04-01,ttmanh,45-54,unknown,active,65,actions:post_engagement,21.87692308,51000,Daily,1422,116,79,Ongoing,"7-day click or 1-day view",,,,,,,,0
2026-03-01,2026-04-01,ttmanh,55-64,female,active,2253,actions:post_engagement,23.23391034,51000,Daily,52346,3641,2627,Ongoing,"7-day click or 1-day view",,,,,,,,19
2026-03-01,2026-04-01,ttmanh,55-64,male,active,12648,actions:post_engagement,21.93722328,51000,Daily,277462,20824,13315,Ongoing,"7-day click or 1-day view",1,1,,,277462,1,277462,151
2026-03-01,2026-04-01,ttmanh,55-64,unknown,active,36,actions:post_engagement,17.44444444,51000,Daily,628,46,35,Ongoing,"7-day click or 1-day view",,,,,,,,1
2026-03-01,2026-04-01,ttmanh,65+,female,active,1376,actions:post_engagement,25.09520349,51000,Daily,34531,2168,1458,Ongoing,"7-day click or 1-day view",,,,,,,,31
2026-03-01,2026-04-01,ttmanh,65+,male,active,5663,actions:post_engagement,23.67243511,51000,Daily,134057,8800,5748,Ongoing,"7-day click or 1-day view",1,1,,,134057,1,134057,76
2026-03-01,2026-04-01,ttmanh,65+,unknown,active,18,actions:post_engagement,25.11111111,51000,Daily,452,29,20,Ongoing,"7-day click or 1-day view",,,,,,,,0
2026-03-01,2026-04-01,linh3,18-24,female,active,17,actions:onsite_conversion.lead_grouped,115871.17647059,225000,Daily,1969810,23130,14627,Ongoing,"7-day click or 1-day view",28,25,,,78792.4,26,75761.923077,373
2026-03-01,2026-04-01,linh3,18-24,male,active,14,actions:onsite_conversion.lead_grouped,154722.71428571,225000,Daily,2166118,37280,23508,Ongoing,"7-day click or 1-day view",31,26,,,83312.230769,28,77361.357143,1310
2026-03-01,2026-04-01,linh3,18-24,unknown,active,2,actions:onsite_conversion.lead_grouped,38378.5,225000,Daily,76757,972,632,Ongoing,"7-day click or 1-day view",3,2,,,38378.5,2,38378.5,33
2026-03-01,2026-04-01,linh3,25-34,female,active,9,actions:onsite_conversion.lead_grouped,101281,225000,Daily,911529,6376,4512,Ongoing,"7-day click or 1-day view",16,14,,,65109.214286,14,65109.214286,171
2026-03-01,2026-04-01,linh3,25-34,male,active,15,actions:onsite_conversion.lead_grouped,83609,225000,Daily,1254135,14406,9757,Ongoing,"7-day click or 1-day view",27,27,,,46449.444444,27,46449.444444,640
2026-03-01,2026-04-01,linh3,25-34,unknown,active,,,,225000,Daily,32037,215,153,Ongoing,"7-day click or 1-day view",,,,,,,,6
2026-03-01,2026-04-01,linh3,35-44,female,active,4,actions:onsite_conversion.lead_grouped,56268.25,225000,Daily,225073,966,696,Ongoing,"7-day click or 1-day view",5,4,,,56268.25,4,56268.25,33
2026-03-01,2026-04-01,linh3,35-44,male,active,4,actions:onsite_conversion.lead_grouped,67223.5,225000,Daily,268894,2072,1440,Ongoing,"7-day click or 1-day view",10,9,,,29877.111111,10,26889.4,100
2026-03-01,2026-04-01,linh3,35-44,unknown,active,,,,225000,Daily,4485,20,13,Ongoing,"7-day click or 1-day view",,,,,,,,2
2026-03-01,2026-04-01,linh3,45-54,female,active,,,,225000,Daily,60702,301,215,Ongoing,"7-day click or 1-day view",1,,,,,1,60702,8
2026-03-01,2026-04-01,linh3,45-54,male,active,,,,225000,Daily,60410,479,338,Ongoing,"7-day click or 1-day view",,,,,,,,25
2026-03-01,2026-04-01,linh3,45-54,unknown,active,,,,225000,Daily,3561,9,7,Ongoing,"7-day click or 1-day view",,,,,,,,0
2026-03-01,2026-04-01,linh3,55-64,female,active,,,,225000,Daily,28033,87,59,Ongoing,"7-day click or 1-day view",,,,,,,,7
2026-03-01,2026-04-01,linh3,55-64,male,active,,,,225000,Daily,19485,88,61,Ongoing,"7-day click or 1-day view",,,,,,,,3
2026-03-01,2026-04-01,linh3,55-64,unknown,active,,,,225000,Daily,229,2,2,Ongoing,"7-day click or 1-day view",,,,,,,,0
2026-03-01,2026-04-01,linh3,65+,female,active,,,,225000,Daily,6435,64,42,Ongoing,"7-day click or 1-day view",1,1,,,6435,1,6435,2
2026-03-01,2026-04-01,linh3,65+,male,active,,,,225000,Daily,16370,129,96,Ongoing,"7-day click or 1-day view",,,,,,,,9
2026-03-01,2026-04-01,linh3,65+,unknown,active,,,,225000,Daily,1898,3,2,Ongoing,"7-day click or 1-day view",,,,,,,,0
2026-03-01,2026-04-01,aaaaamaaanhhh,18-24,female,active,18,actions:onsite_conversion.lead_grouped,140312.61111111,320000,Daily,2525627,28551,10469,Ongoing,"7-day click or 1-day view",32,30,,,84187.566667,31,81471.83871,521
2026-03-01,2026-04-01,aaaaamaaanhhh,18-24,male,active,21,actions:onsite_conversion.lead_grouped,120843.61904762,320000,Daily,2537716,45826,16824,Ongoing,"7-day click or 1-day view",36,29,,,87507.448276,32,79303.625,914
2026-03-01,2026-04-01,aaaaamaaanhhh,18-24,unknown,active,1,actions:onsite_conversion.lead_grouped,94549,320000,Daily,94549,1185,508,Ongoing,"7-day click or 1-day view",,,,,,,,15
2026-03-01,2026-04-01,aaaaamaaanhhh,25-34,female,active,12,actions:onsite_conversion.lead_grouped,107563.16666667,320000,Daily,1290758,11320,4791,Ongoing,"7-day click or 1-day view",22,21,,,61464.666667,21,61464.666667,290
2026-03-01,2026-04-01,aaaaamaaanhhh,25-34,male,active,8,actions:onsite_conversion.lead_grouped,213250.875,320000,Daily,1706007,24709,9446,Ongoing,"7-day click or 1-day view",18,16,,,106625.4375,17,100353.352941,574
2026-03-01,2026-04-01,aaaaamaaanhhh,25-34,unknown,active,,,,320000,Daily,36199,421,160,Ongoing,"7-day click or 1-day view",1,1,,,36199,1,36199,10
2026-03-01,2026-04-01,aaaaamaaanhhh,35-44,female,active,3,actions:onsite_conversion.lead_grouped,86973,320000,Daily,260919,1723,767,Ongoing,"7-day click or 1-day view",6,3,,,86973,5,52183.8,75
2026-03-01,2026-04-01,aaaaamaaanhhh,35-44,male,active,2,actions:onsite_conversion.lead_grouped,144134,320000,Daily,288268,3395,1444,Ongoing,"7-day click or 1-day view",5,5,,,57653.6,5,57653.6,117
2026-03-01,2026-04-01,aaaaamaaanhhh,35-44,unknown,active,,,,320000,Daily,4814,20,15,Ongoing,"7-day click or 1-day view",,,,,,,,2
2026-03-01,2026-04-01,aaaaamaaanhhh,45-54,female,active,2,actions:onsite_conversion.lead_grouped,37791,320000,Daily,75582,493,240,Ongoing,"7-day click or 1-day view",2,2,,,37791,2,37791,17
2026-03-01,2026-04-01,aaaaamaaanhhh,45-54,male,active,1,actions:onsite_conversion.lead_grouped,69715,320000,Daily,69715,685,331,Ongoing,"7-day click or 1-day view",1,1,,,69715,1,69715,22
2026-03-01,2026-04-01,aaaaamaaanhhh,45-54,unknown,active,,,,320000,Daily,701,9,5,Ongoing,"7-day click or 1-day view",,,,,,,,0
2026-03-01,2026-04-01,aaaaamaaanhhh,55-64,female,active,,,,320000,Daily,23805,151,62,Ongoing,"7-day click or 1-day view",,,,,,,,6
2026-03-01,2026-04-01,aaaaamaaanhhh,55-64,male,active,,,,320000,Daily,12428,116,63,Ongoing,"7-day click or 1-day view",,,,,,,,2
2026-03-01,2026-04-01,aaaaamaaanhhh,65+,female,active,,,,320000,Daily,7641,78,28,Ongoing,"7-day click or 1-day view",,,,,,,,6
2026-03-01,2026-04-01,aaaaamaaanhhh,65+,male,active,,,,320000,Daily,11572,233,88,Ongoing,"7-day click or 1-day view",,,,,,,,2
2026-03-01,2026-04-01,aaaaamaaanhhh,65+,unknown,active,,,,320000,Daily,135,3,2,Ongoing,"7-day click or 1-day view",,,,,,,,0
2026-03-01,2026-04-01,llinhhai,18-24,female,active,11,actions:onsite_conversion.lead_grouped,141987.63636364,230000,Daily,1561864,16313,10437,Ongoing,"7-day click or 1-day view",26,21,,,74374.47619,22,70993.818182,317
2026-03-01,2026-04-01,llinhhai,18-24,male,active,13,actions:onsite_conversion.lead_grouped,136458.61538462,230000,Daily,1773962,30892,19088,Ongoing,"7-day click or 1-day view",25,23,,,77128.782609,25,70958.48,1090
2026-03-01,2026-04-01,llinhhai,18-24,unknown,active,,,,230000,Daily,48574,613,404,Ongoing,"7-day click or 1-day view",2,1,,,48574,1,48574,11
2026-03-01,2026-04-01,llinhhai,25-34,female,active,10,actions:onsite_conversion.lead_grouped,109196.5,230000,Daily,1091965,7594,5008,Ongoing,"7-day click or 1-day view",21,19,,,57471.842105,20,54598.25,197
2026-03-01,2026-04-01,llinhhai,25-34,male,active,16,actions:onsite_conversion.lead_grouped,106767.3125,230000,Daily,1708277,19749,12048,Ongoing,"7-day click or 1-day view",33,30,,,56942.566667,31,55105.709677,861
2026-03-01,2026-04-01,llinhhai,25-34,unknown,active,,,,230000,Daily,46576,274,175,Ongoing,"7-day click or 1-day view",,,,,,,,10
2026-03-01,2026-04-01,llinhhai,35-44,female,active,1,actions:onsite_conversion.lead_grouped,264219,230000,Daily,264219,1248,863,Ongoing,"7-day click or 1-day view",3,2,,,132109.5,2,132109.5,68
2026-03-01,2026-04-01,llinhhai,35-44,male,active,2,actions:onsite_conversion.lead_grouped,178082.5,230000,Daily,356165,2877,1823,Ongoing,"7-day click or 1-day view",2,2,,,178082.5,2,178082.5,117
2026-03-01,2026-04-01,llinhhai,35-44,unknown,active,,,,230000,Daily,2990,27,22,Ongoing,"7-day click or 1-day view",,,,,,,,1
2026-03-01,2026-04-01,llinhhai,45-54,female,active,,,,230000,Daily,80772,373,268,Ongoing,"7-day click or 1-day view",,,,,,,,14
2026-03-01,2026-04-01,llinhhai,45-54,male,active,1,actions:onsite_conversion.lead_grouped,98177,230000,Daily,98177,621,426,Ongoing,"7-day click or 1-day view",3,3,,,32725.666667,3,32725.666667,41
2026-03-01,2026-04-01,llinhhai,45-54,unknown,active,,,,230000,Daily,1894,9,5,Ongoing,"7-day click or 1-day view",,,,,,,,0
2026-03-01,2026-04-01,llinhhai,55-64,female,active,,,,230000,Daily,30405,129,84,Ongoing,"7-day click or 1-day view",,,,,,,,5
2026-03-01,2026-04-01,llinhhai,55-64,male,active,,,,230000,Daily,35013,139,88,Ongoing,"7-day click or 1-day view",,,,,,,,14
2026-03-01,2026-04-01,llinhhai,55-64,unknown,active,,,,230000,Daily,107,2,2,Ongoing,"7-day click or 1-day view",,,,,,,,0
2026-03-01,2026-04-01,llinhhai,65+,female,active,,,,230000,Daily,13924,88,50,Ongoing,"7-day click or 1-day view",1,,,,,1,13924,2
2026-03-01,2026-04-01,llinhhai,65+,male,active,,,,230000,Daily,19257,186,113,Ongoing,"7-day click or 1-day view",,,,,,,,14
2026-03-01,2026-04-01,llinhhai,65+,unknown,active,,,,230000,Daily,815,4,2,Ongoing,"7-day click or 1-day view",,,,,,,,0
2026-03-01,2026-04-01,hocboianh,25-34,female,inactive,1,actions:onsite_conversion.messaging_conversation_started_7d,180942,170000,Daily,180942,2141,925,Ongoing,"7-day click or 1-day view",1,1,,,180942,1,180942,60
2026-03-01,2026-04-01,hocboianh,25-34,male,inactive,,,,170000,Daily,36169,725,350,Ongoing,"7-day click or 1-day view",,,,,,,,28
2026-03-01,2026-04-01,hocboianh,25-34,unknown,inactive,,,,170000,Daily,3691,22,10,Ongoing,"7-day click or 1-day view",,,,,,,,0
2026-03-01,2026-04-01,hocboianh,35-44,female,inactive,,,,170000,Daily,146818,1951,889,Ongoing,"7-day click or 1-day view",,,,,,,,49
2026-03-01,2026-04-01,hocboianh,35-44,male,inactive,,,,170000,Daily,51237,699,323,Ongoing,"7-day click or 1-day view",,,,,,,,12
2026-03-01,2026-04-01,hocboianh,35-44,unknown,inactive,,,,170000,Daily,1360,29,8,Ongoing,"7-day click or 1-day view",,,,,,,,0
2026-03-01,2026-04-01,hocboianh,45-54,female,inactive,,,,170000,Daily,21887,278,148,Ongoing,"7-day click or 1-day view",,,,,,,,11
2026-03-01,2026-04-01,hocboianh,45-54,male,inactive,,,,170000,Daily,8640,140,66,Ongoing,"7-day click or 1-day view",,,,,,,,0
2026-03-01,2026-04-01,hocboianh,45-54,unknown,inactive,,,,170000,Daily,59,2,1,Ongoing,"7-day click or 1-day view",,,,,,,,0
2026-03-01,2026-04-01,hocboianh,55-64,female,inactive,,,,170000,Daily,21331,189,88,Ongoing,"7-day click or 1-day view",,,,,,,,8
2026-03-01,2026-04-01,hocboianh,55-64,male,inactive,,,,170000,Daily,7982,61,30,Ongoing,"7-day click or 1-day view",,,,,,,,1
2026-03-01,2026-04-01,hocboianh,65+,female,inactive,,,,170000,Daily,13983,64,36,Ongoing,"7-day click or 1-day view",,,,,,,,6
2026-03-01,2026-04-01,hocboianh,65+,male,inactive,,,,170000,Daily,920,17,14,Ongoing,"7-day click or 1-day view",,,,,,,,0
2026-03-01,2026-04-01,hocboianh,65+,unknown,inactive,,,,170000,Daily,93,3,1,Ongoing,"7-day click or 1-day view",,,,,,,,0
2026-03-01,2026-04-01,hocboivid,25-34,female,active,41,actions:onsite_conversion.messaging_conversation_started_7d,58670.7804878,201002,Daily,2405502,23013,9227,Ongoing,"7-day click or 1-day view",42,39,,,61679.538462,41,58670.780488,729
2026-03-01,2026-04-01,hocboivid,25-34,male,active,8,actions:onsite_conversion.messaging_conversation_started_7d,56920.875,201002,Daily,455367,5325,2008,Ongoing,"7-day click or 1-day view",8,8,,,56920.875,8,56920.875,211
2026-03-01,2026-04-01,hocboivid,25-34,unknown,active,2,actions:onsite_conversion.messaging_conversation_started_7d,11364,201002,Daily,22728,131,67,Ongoing,"7-day click or 1-day view",3,2,,,11364,2,11364,7
2026-03-01,2026-04-01,hocboivid,35-44,female,active,22,actions:onsite_conversion.messaging_conversation_started_7d,74392.04545455,201002,Daily,1636625,13342,5346,Ongoing,"7-day click or 1-day view",25,22,,,74392.045455,22,74392.045455,530
2026-03-01,2026-04-01,hocboivid,35-44,male,active,8,actions:onsite_conversion.messaging_conversation_started_7d,47121.625,201002,Daily,376973,3892,1763,Ongoing,"7-day click or 1-day view",9,8,,,47121.625,8,47121.625,158
2026-03-01,2026-04-01,hocboivid,35-44,unknown,active,1,actions:onsite_conversion.messaging_conversation_started_7d,14508,201002,Daily,14508,105,45,Ongoing,"7-day click or 1-day view",1,1,,,14508,1,14508,9
2026-03-01,2026-04-01,hocboivid,45-54,female,active,6,actions:onsite_conversion.messaging_conversation_started_7d,42648.83333333,201002,Daily,255893,1526,746,Ongoing,"7-day click or 1-day view",6,6,,,42648.833333,6,42648.833333,79
2026-03-01,2026-04-01,hocboivid,45-54,male,active,4,actions:onsite_conversion.messaging_conversation_started_7d,24945.75,201002,Daily,99783,638,260,Ongoing,"7-day click or 1-day view",4,4,,,24945.75,4,24945.75,43
2026-03-01,2026-04-01,hocboivid,45-54,unknown,active,,,,201002,Daily,2863,23,7,Ongoing,"7-day click or 1-day view",,,,,,,,2
2026-03-01,2026-04-01,hocboivid,55-64,female,active,2,actions:onsite_conversion.messaging_conversation_started_7d,105380,201002,Daily,210760,1226,576,Ongoing,"7-day click or 1-day view",2,2,,,105380,2,105380,94
2026-03-01,2026-04-01,hocboivid,55-64,male,active,,,,201002,Daily,13826,193,70,Ongoing,"7-day click or 1-day view",,,,,,,,17
2026-03-01,2026-04-01,hocboivid,55-64,unknown,active,,,,201002,Daily,92,2,2,Ongoing,"7-day click or 1-day view",,,,,,,,0
2026-03-01,2026-04-01,hocboivid,65+,female,active,3,actions:onsite_conversion.messaging_conversation_started_7d,44795.66666667,201002,Daily,134387,746,346,Ongoing,"7-day click or 1-day view",3,3,,,44795.666667,3,44795.666667,40
2026-03-01,2026-04-01,hocboivid,65+,male,active,,,,201002,Daily,23789,208,84,Ongoing,"7-day click or 1-day view",,,,,,,,9
2026-03-01,2026-04-01,hocboivid,65+,unknown,active,,,,201002,Daily,1840,13,5,Ongoing,"7-day click or 1-day view",,,,,,,,0
2026-03-01,2026-04-01,ttanhboi,25-34,female,active,2538,actions:post_engagement,23.45665879,48000,Daily,59533,4864,3962,Ongoing,"7-day click or 1-day view",,,,,,,,43
2026-03-01,2026-04-01,ttanhboi,25-34,male,active,4179,actions:post_engagement,22.07944484,48000,Daily,92270,7984,6790,Ongoing,"7-day click or 1-day view",,,,,,,,86
2026-03-01,2026-04-01,ttanhboi,25-34,unknown,active,69,actions:post_engagement,24.31884058,48000,Daily,1678,148,132,Ongoing,"7-day click or 1-day view",,,,,,,,6
2026-03-01,2026-04-01,ttanhboi,35-44,female,active,3127,actions:post_engagement,21.99168532,48000,Daily,68768,5695,4912,Ongoing,"7-day click or 1-day view",,,,,,,,52
2026-03-01,2026-04-01,ttanhboi,35-44,male,active,7189,actions:post_engagement,21.43343998,48000,Daily,154085,13681,10811,Ongoing,"7-day click or 1-day view",,,,,,,,113
2026-03-01,2026-04-01,ttanhboi,35-44,unknown,active,46,actions:post_engagement,20.95652174,48000,Daily,964,85,71,Ongoing,"7-day click or 1-day view",,,,,,,,0
2026-03-01,2026-04-01,ttanhboi,45-54,female,active,8616,actions:post_engagement,21.95868152,48000,Daily,189196,14655,11031,Ongoing,"7-day click or 1-day view",,,,,,,,161
2026-03-01,2026-04-01,ttanhboi,45-54,male,active,10233,actions:post_engagement,21.99247532,48000,Daily,225049,19021,14565,Ongoing,"7-day click or 1-day view",,,,,,,,143
2026-03-01,2026-04-01,ttanhboi,45-54,unknown,active,44,actions:post_engagement,24.25,48000,Daily,1067,88,71,Ongoing,"7-day click or 1-day view",,,,,,,,1
2026-03-01,2026-04-01,ttanhboi,55-64,female,active,11965,actions:post_engagement,22.60785625,48000,Daily,270503,19579,14940,Ongoing,"7-day click or 1-day view",2,2,,,135251.5,2,135251.5,299
2026-03-01,2026-04-01,ttanhboi,55-64,male,active,8272,actions:post_engagement,23.01245164,48000,Daily,190359,14704,10804,Ongoing,"7-day click or 1-day view",,,,,,,,140
2026-03-01,2026-04-01,ttanhboi,55-64,unknown,active,75,actions:post_engagement,16.88,48000,Daily,1266,100,68,Ongoing,"7-day click or 1-day view",,,,,,,,4
2026-03-01,2026-04-01,ttanhboi,65+,female,active,6028,actions:post_engagement,22.72329131,48000,Daily,136976,9385,6947,Ongoing,"7-day click or 1-day view",1,1,,,136976,1,136976,148
2026-03-01,2026-04-01,ttanhboi,65+,male,active,4629,actions:post_engagement,23.03586088,48000,Daily,106633,7734,5677,Ongoing,"7-day click or 1-day view",,,,,,,,117
2026-03-01,2026-04-01,ttanhboi,65+,unknown,active,33,actions:post_engagement,22.66666667,48000,Daily,748,49,35,Ongoing,"7-day click or 1-day view",,,,,,,,1
2026-03-01,2026-04-01,ttboianh,25-34,female,inactive,74,actions:post_engagement,1835.55405405,47000,Daily,135831,4553,3900,Ongoing,"7-day click or 1-day view",,,,,,,,67
2026-03-01,2026-04-01,ttboianh,25-34,male,inactive,304,actions:post_engagement,1389.34539474,47000,Daily,422361,12648,10060,Ongoing,"7-day click or 1-day view",1,1,,,422361,1,422361,280
2026-03-01,2026-04-01,ttboianh,25-34,unknown,inactive,7,actions:post_engagement,947.14285714,47000,Daily,6630,195,166,Ongoing,"7-day click or 1-day view",,,,,,,,8
2026-03-01,2026-04-01,ttboianh,35-44,female,inactive,34,actions:post_engagement,1968.97058824,47000,Daily,66945,2005,1721,Ongoing,"7-day click or 1-day view",1,1,,,66945,1,66945,36
2026-03-01,2026-04-01,ttboianh,35-44,male,inactive,114,actions:post_engagement,1650.9122807,47000,Daily,188204,5546,4068,Ongoing,"7-day click or 1-day view",,,,,,,,109
2026-03-01,2026-04-01,ttboianh,35-44,unknown,inactive,3,actions:post_engagement,341,47000,Daily,1023,58,36,Ongoing,"7-day click or 1-day view",,,,,,,,3
2026-03-01,2026-04-01,ttboianh,45-54,female,inactive,34,actions:post_engagement,1551.44117647,47000,Daily,52749,1368,1155,Ongoing,"7-day click or 1-day view",,,,,,,,36
2026-03-01,2026-04-01,ttboianh,45-54,male,inactive,54,actions:post_engagement,1354.57407407,47000,Daily,73147,2012,1571,Ongoing,"7-day click or 1-day view",,,,,,,,57
2026-03-01,2026-04-01,ttboianh,45-54,unknown,inactive,,,,47000,Daily,126,7,6,Ongoing,"7-day click or 1-day view",,,,,,,,0
2026-03-01,2026-04-01,ttboianh,55-64,female,inactive,51,actions:post_engagement,1178.47058824,47000,Daily,60102,1986,1520,Ongoing,"7-day click or 1-day view",,,,,,,,58
2026-03-01,2026-04-01,ttboianh,55-64,male,inactive,32,actions:post_engagement,1829.28125,47000,Daily,58537,1803,1269,Ongoing,"7-day click or 1-day view",,,,,,,,44
2026-03-01,2026-04-01,ttboianh,55-64,unknown,inactive,1,actions:post_engagement,1825,47000,Daily,1825,14,11,Ongoing,"7-day click or 1-day view",,,,,,,,1
2026-03-01,2026-04-01,ttboianh,65+,female,inactive,48,actions:post_engagement,1159.22916667,47000,Daily,55643,1739,1333,Ongoing,"7-day click or 1-day view",1,1,,,55643,1,55643,53
2026-03-01,2026-04-01,ttboianh,65+,male,inactive,31,actions:post_engagement,1735.96774194,47000,Daily,53815,1729,1234,Ongoing,"7-day click or 1-day view",,,,,,,,41
2026-03-01,2026-04-01,ttboianh,65+,unknown,inactive,1,actions:post_engagement,112,47000,Daily,112,8,8,Ongoing,"7-day click or 1-day view",,,,,,,,1
2026-03-01,2026-04-01,amank2,18-24,female,inactive,3,actions:onsite_conversion.lead_grouped,210489,189000,Daily,631467,7580,3798,Ongoing,"7-day click or 1-day view",5,5,,,126293.4,5,126293.4,125
2026-03-01,2026-04-01,amank2,18-24,male,inactive,2,actions:onsite_conversion.lead_grouped,389623.5,189000,Daily,779247,14850,7538,Ongoing,"7-day click or 1-day view",7,7,,,111321,7,111321,208
2026-03-01,2026-04-01,amank2,18-24,unknown,inactive,,,,189000,Daily,32589,382,222,Ongoing,"7-day click or 1-day view",,,,,,,,8
2026-03-01,2026-04-01,amank2,25-34,female,inactive,2,actions:onsite_conversion.lead_grouped,167984.5,189000,Daily,335969,2916,1578,Ongoing,"7-day click or 1-day view",3,3,,,111989.666667,3,111989.666667,46
2026-03-01,2026-04-01,amank2,25-34,male,inactive,5,actions:onsite_conversion.lead_grouped,127426.6,189000,Daily,637133,8764,4427,Ongoing,"7-day click or 1-day view",8,7,,,91019,7,91019,173
2026-03-01,2026-04-01,amank2,25-34,unknown,inactive,,,,189000,Daily,18760,167,70,Ongoing,"7-day click or 1-day view",,,,,,,,3
2026-03-01,2026-04-01,amank2,35-44,female,inactive,1,actions:onsite_conversion.lead_grouped,78348,189000,Daily,78348,596,309,Ongoing,"7-day click or 1-day view",1,1,,,78348,1,78348,13
2026-03-01,2026-04-01,amank2,35-44,male,inactive,1,actions:onsite_conversion.lead_grouped,108116,189000,Daily,108116,1272,647,Ongoing,"7-day click or 1-day view",4,2,,,54058,3,36038.666667,32
2026-03-01,2026-04-01,amank2,35-44,unknown,inactive,,,,189000,Daily,570,11,6,Ongoing,"7-day click or 1-day view",,,,,,,,0
2026-03-01,2026-04-01,amank2,45-54,female,inactive,,,,189000,Daily,30891,149,94,Ongoing,"7-day click or 1-day view",,,,,,,,1
2026-03-01,2026-04-01,amank2,45-54,male,inactive,1,actions:onsite_conversion.lead_grouped,24395,189000,Daily,24395,268,154,Ongoing,"7-day click or 1-day view",1,,,,,1,24395,8
2026-03-01,2026-04-01,amank2,45-54,unknown,inactive,,,,189000,Daily,564,5,4,Ongoing,"7-day click or 1-day view",,,,,,,,0
2026-03-01,2026-04-01,amank2,55-64,female,inactive,,,,189000,Daily,4045,19,12,Ongoing,"7-day click or 1-day view",,,,,,,,1
2026-03-01,2026-04-01,amank2,55-64,male,inactive,,,,189000,Daily,4221,33,23,Ongoing,"7-day click or 1-day view",,,,,,,,2
2026-03-01,2026-04-01,amank2,65+,female,inactive,,,,189000,Daily,2218,33,14,Ongoing,"7-day click or 1-day view",,,,,,,,0
2026-03-01,2026-04-01,amank2,65+,male,inactive,,,,189000,Daily,2868,60,26,Ongoing,"7-day click or 1-day view",,,,,,,,3
